state_abbr,county_fips,county_name,org_count,total_revenue,total_expenses,total_gov_grants,total_org_grants,total_volunteers,avg_revenue,avg_expenses,volunteers_per_org,geo_id,population_16_plus,unemployment_rate,median_household_income,per_capita_income,poverty_rate_all_people,any_disability_among_adults,binge_drinking_among_adults,depression_among_adults,fair_or_poor_self_rated_health_status_among_adults,food_insecurity_in_the_past_12_months_among_adults,housing_insecurity_in_the_past_12_months_among_adults,obesity_among_adults,total_volunteers_vol,volunteers_per_org_vol
AL,1001,"Autauga County, Alabama",0.0,0.0,0.0,0.0,0.0,0.0,0.0,0.0,0.0,0500000US01001,47508,,69841,36227,,33.8,14.3,25.1,21.0,16.5,12.4,39.8,0.0,0.0
AL,1003,"Baldwin County, Alabama",0.0,0.0,0.0,0.0,0.0,0.0,0.0,0.0,0.0,0500000US01003,195048,,75019,40775,,33.9,14.6,22.5,19.3,13.2,9.7,35.2,0.0,0.0
AL,1005,"Barbour County, Alabama",0.0,0.0,0.0,0.0,0.0,0.0,0.0,0.0,0.0,0500000US01005,20253,,44290,25439,,44.4,12.4,22.1,31.4,30.5,21.1,46.8,0.0,0.0
AL,1007,"Bibb County, Alabama",0.0,0.0,0.0,0.0,0.0,0.0,0.0,0.0,0.0,0500000US01007,18176,,51215,26022,,41.3,14.0,24.4,27.6,23.5,16.1,43.9,0.0,0.0
AL,1009,"Blount County, Alabama",0.0,0.0,0.0,0.0,0.0,0.0,0.0,0.0,0.0,0500000US01009,47389,,61096,30656,,37.9,14.5,24.8,23.6,16.7,11.8,36.1,0.0,0.0
AL,1011,"Bullock County, Alabama",0.0,0.0,0.0,0.0,0.0,0.0,0.0,0.0,0.0,0500000US01011,8254,,36723,21462,,49.7,10.6,21.1,39.4,42.9,29.4,51.3,0.0,0.0
AL,1013,"Butler County, Alabama",0.0,0.0,0.0,0.0,0.0,0.0,0.0,0.0,0.0,0500000US01013,15120,,44881,28306,,42.1,11.6,22.5,28.9,26.7,18.7,40.4,0.0,0.0
AL,1015,"Calhoun County, Alabama",0.0,0.0,0.0,0.0,0.0,0.0,0.0,0.0,0.0,0500000US01015,94387,,55826,29571,,39.0,14.3,24.6,25.2,20.5,14.1,38.6,0.0,0.0
AL,1017,"Chambers County, Alabama",0.0,0.0,0.0,0.0,0.0,0.0,0.0,0.0,0.0,0500000US01017,27797,,49295,27868,,41.0,11.8,22.7,27.6,24.6,17.4,41.5,0.0,0.0
AL,1019,"Cherokee County, Alabama",0.0,0.0,0.0,0.0,0.0,0.0,0.0,0.0,0.0,0500000US01019,21189,,50769,31360,,40.9,13.5,25.0,25.5,16.9,11.2,39.5,0.0,0.0
AL,1021,"Chilton County, Alabama",0.0,0.0,0.0,0.0,0.0,0.0,0.0,0.0,0.0,0500000US01021,35476,,61873,30032,,39.2,14.2,24.5,24.0,18.7,13.2,40.0,0.0,0.0
AL,1023,"Choctaw County, Alabama",0.0,0.0,0.0,0.0,0.0,0.0,0.0,0.0,0.0,0500000US01023,10376,,44483,26781,,44.3,11.3,23.3,30.3,25.4,17.0,44.4,0.0,0.0
AL,1025,"Clarke County, Alabama",0.0,0.0,0.0,0.0,0.0,0.0,0.0,0.0,0.0,0500000US01025,18497,,49167,31101,,43.0,11.6,22.6,28.6,25.8,18.0,43.9,0.0,0.0
AL,1027,"Clay County, Alabama",0.0,0.0,0.0,0.0,0.0,0.0,0.0,0.0,0.0,0500000US01027,11542,,51852,29268,,41.8,13.3,24.4,27.0,20.2,13.6,42.5,0.0,0.0
AL,1029,"Cleburne County, Alabama",0.0,0.0,0.0,0.0,0.0,0.0,0.0,0.0,0.0,0500000US01029,12384,,53319,29569,,38.6,14.6,25.5,24.0,17.0,11.5,37.4,0.0,0.0
AL,1031,"Coffee County, Alabama",0.0,0.0,0.0,0.0,0.0,0.0,0.0,0.0,0.0,0500000US01031,42821,,64672,32757,,38.1,14.4,24.3,23.9,19.6,13.9,41.0,0.0,0.0
AL,1033,"Colbert County, Alabama",0.0,0.0,0.0,0.0,0.0,0.0,0.0,0.0,0.0,0500000US01033,46791,,56736,32685,,37.9,14.0,24.5,23.6,17.6,12.7,37.5,0.0,0.0
AL,1035,"Conecuh County, Alabama",0.0,0.0,0.0,0.0,0.0,0.0,0.0,0.0,0.0,0500000US01035,9391,,42266,26323,,46.5,10.6,22.3,33.3,30.2,20.0,46.4,0.0,0.0
AL,1037,"Coosa County, Alabama",0.0,0.0,0.0,0.0,0.0,0.0,0.0,0.0,0.0,0500000US01037,8752,,57063,29035,,41.6,12.0,22.2,27.6,21.2,14.5,41.9,0.0,0.0
AL,1039,"Covington County, Alabama",0.0,0.0,0.0,0.0,0.0,0.0,0.0,0.0,0.0,0500000US01039,30235,,50886,30151,,40.5,12.9,24.3,26.3,19.0,13.0,37.9,0.0,0.0
AL,1041,"Crenshaw County, Alabama",0.0,0.0,0.0,0.0,0.0,0.0,0.0,0.0,0.0,0500000US01041,10520,,49040,30321,,40.3,13.4,23.8,26.5,21.8,15.1,40.5,0.0,0.0
AL,1043,"Cullman County, Alabama",0.0,0.0,0.0,0.0,0.0,0.0,0.0,0.0,0.0,0500000US01043,71682,,60916,30977,,37.2,15.3,25.4,22.9,15.7,11.1,36.4,0.0,0.0
AL,1045,"Dale County, Alabama",0.0,0.0,0.0,0.0,0.0,0.0,0.0,0.0,0.0,0500000US01045,39224,,53955,29344,,40.6,13.3,24.8,26.0,21.3,15.1,41.3,0.0,0.0
AL,1047,"Dallas County, Alabama",0.0,0.0,0.0,0.0,0.0,0.0,0.0,0.0,0.0,0500000US01047,29643,,36810,24368,,44.2,10.1,20.3,33.2,34.0,23.5,46.3,0.0,0.0
AL,1049,"DeKalb County, Alabama",0.0,0.0,0.0,0.0,0.0,0.0,0.0,0.0,0.0,0500000US01049,56499,,51149,25274,,42.0,14.1,26.3,28.1,22.6,14.8,38.6,0.0,0.0
AL,1051,"Elmore County, Alabama",0.0,0.0,0.0,0.0,0.0,0.0,0.0,0.0,0.0,0500000US01051,71576,,75553,36616,,35.2,14.8,23.0,21.7,17.3,12.7,38.9,0.0,0.0
AL,1053,"Escambia County, Alabama",0.0,0.0,0.0,0.0,0.0,0.0,0.0,0.0,0.0,0500000US01053,29350,,44447,22916,,44.1,12.9,24.0,31.4,28.6,19.1,43.9,0.0,0.0
AL,1055,"Etowah County, Alabama",0.0,0.0,0.0,0.0,0.0,0.0,0.0,0.0,0.0,0500000US01055,83351,,53070,29553,,41.1,13.9,24.9,26.5,19.7,13.9,43.8,0.0,0.0
AL,1057,"Fayette County, Alabama",0.0,0.0,0.0,0.0,0.0,0.0,0.0,0.0,0.0,0500000US01057,13235,,50733,27734,,41.4,13.7,25.7,26.4,20.0,13.4,40.6,0.0,0.0
AL,1059,"Franklin County, Alabama",0.0,0.0,0.0,0.0,0.0,0.0,0.0,0.0,0.0,0500000US01059,24865,,51493,26036,,42.0,13.7,25.1,28.6,23.8,15.9,42.2,0.0,0.0
AL,1061,"Geneva County, Alabama",0.0,0.0,0.0,0.0,0.0,0.0,0.0,0.0,0.0,0500000US01061,21426,,50951,26880,,40.6,14.0,25.7,27.2,20.9,14.0,42.3,0.0,0.0
AL,1063,"Greene County, Alabama",0.0,0.0,0.0,0.0,0.0,0.0,0.0,0.0,0.0,0500000US01063,6108,,31495,20372,,50.4,8.8,20.4,38.7,41.3,27.3,52.7,0.0,0.0
AL,1065,"Hale County, Alabama",0.0,0.0,0.0,0.0,0.0,0.0,0.0,0.0,0.0,0500000US01065,11517,,41325,26024,,42.7,11.2,21.2,30.5,30.1,21.2,47.6,0.0,0.0
AL,1067,"Henry County, Alabama",0.0,0.0,0.0,0.0,0.0,0.0,0.0,0.0,0.0,0500000US01067,14280,,60135,31809,,39.1,12.7,23.0,25.2,19.8,13.7,41.3,0.0,0.0
AL,1069,"Houston County, Alabama",0.0,0.0,0.0,0.0,0.0,0.0,0.0,0.0,0.0,0500000US01069,85535,,57531,33053,,39.2,13.3,24.9,24.9,20.4,15.0,40.5,0.0,0.0
AL,1071,"Jackson County, Alabama",0.0,0.0,0.0,0.0,0.0,0.0,0.0,0.0,0.0,0500000US01071,43210,,49454,28452,,43.4,13.9,26.7,26.8,19.6,12.8,39.3,0.0,0.0
AL,1073,"Jefferson County, Alabama",0.0,0.0,0.0,0.0,0.0,0.0,0.0,0.0,0.0,0500000US01073,533233,,64589,39826,,35.3,14.5,22.7,20.9,20.1,15.0,37.4,0.0,0.0
AL,1075,"Lamar County, Alabama",0.0,0.0,0.0,0.0,0.0,0.0,0.0,0.0,0.0,0500000US01075,10986,,47447,24169,,42.4,13.3,24.7,27.1,19.8,13.2,40.8,0.0,0.0
AL,1077,"Lauderdale County, Alabama",0.0,0.0,0.0,0.0,0.0,0.0,0.0,0.0,0.0,0500000US01077,78274,,59082,33595,,36.0,14.6,24.2,21.0,15.1,10.8,35.6,0.0,0.0
AL,1079,"Lawrence County, Alabama",0.0,0.0,0.0,0.0,0.0,0.0,0.0,0.0,0.0,0500000US01079,26762,,60040,31189,,39.7,14.0,24.9,25.4,19.7,13.6,39.5,0.0,0.0
AL,1081,"Lee County, Alabama",0.0,0.0,0.0,0.0,0.0,0.0,0.0,0.0,0.0,0500000US01081,144668,,61123,34504,,32.7,15.5,23.6,19.7,17.1,12.9,38.4,0.0,0.0
AL,1083,"Limestone County, Alabama",0.0,0.0,0.0,0.0,0.0,0.0,0.0,0.0,0.0,0500000US01083,86785,,83534,39587,,33.3,15.3,23.7,20.2,15.1,11.5,39.6,0.0,0.0
AL,1085,"Lowndes County, Alabama",0.0,0.0,0.0,0.0,0.0,0.0,0.0,0.0,0.0,0500000US01085,8041,,35160,24965,,47.8,9.6,20.9,36.0,38.3,26.0,51.2,0.0,0.0
AL,1087,"Macon County, Alabama",0.0,0.0,0.0,0.0,0.0,0.0,0.0,0.0,0.0,0500000US01087,16337,,45951,24595,,42.4,10.4,20.7,29.2,31.3,22.0,46.7,0.0,0.0
AL,1089,"Madison County, Alabama",0.0,0.0,0.0,0.0,0.0,0.0,0.0,0.0,0.0,0500000US01089,320186,,83528,46784,,30.3,14.6,21.6,17.8,13.3,10.8,39.9,0.0,0.0
AL,1091,"Marengo County, Alabama",0.0,0.0,0.0,0.0,0.0,0.0,0.0,0.0,0.0,0500000US01091,15277,,44205,27957,,42.1,11.5,22.3,29.1,27.3,19.0,43.1,0.0,0.0
AL,1093,"Marion County, Alabama",0.0,0.0,0.0,0.0,0.0,0.0,0.0,0.0,0.0,0500000US01093,23867,,50714,26555,,41.6,13.9,25.7,26.0,19.0,12.4,42.4,0.0,0.0
AL,1095,"Marshall County, Alabama",0.0,0.0,0.0,0.0,0.0,0.0,0.0,0.0,0.0,0500000US01095,75978,,60946,31025,,39.1,14.8,25.4,24.6,18.3,12.7,37.6,0.0,0.0
AL,1097,"Mobile County, Alabama",0.0,0.0,0.0,0.0,0.0,0.0,0.0,0.0,0.0,0500000US01097,327288,,58119,32032,,35.8,13.7,22.1,23.0,21.5,15.5,39.0,0.0,0.0
AL,1099,"Monroe County, Alabama",0.0,0.0,0.0,0.0,0.0,0.0,0.0,0.0,0.0,0500000US01099,15983,,40225,23470,,44.1,11.4,22.7,30.8,27.7,18.9,43.8,0.0,0.0
AL,1101,"Montgomery County, Alabama",0.0,0.0,0.0,0.0,0.0,0.0,0.0,0.0,0.0,0500000US01101,178713,,58153,33404,,37.6,12.2,21.0,24.5,24.8,19.0,46.1,0.0,0.0
AL,1103,"Morgan County, Alabama",0.0,0.0,0.0,0.0,0.0,0.0,0.0,0.0,0.0,0500000US01103,98199,,64858,34510,,37.7,14.3,24.0,23.7,17.9,12.9,38.6,0.0,0.0
AL,1105,"Perry County, Alabama",0.0,0.0,0.0,0.0,0.0,0.0,0.0,0.0,0.0,0500000US01105,6685,,34368,16960,,49.1,9.7,22.1,37.2,39.4,26.2,52.9,0.0,0.0
AL,1107,"Pickens County, Alabama",0.0,0.0,0.0,0.0,0.0,0.0,0.0,0.0,0.0,0500000US01107,15645,,47014,26328,,41.6,12.6,22.3,29.0,26.7,18.8,48.0,0.0,0.0
AL,1109,"Pike County, Alabama",0.0,0.0,0.0,0.0,0.0,0.0,0.0,0.0,0.0,0500000US01109,27417,,47961,27762,,39.0,13.9,24.7,23.8,23.7,16.6,40.3,0.0,0.0
AL,1111,"Randolph County, Alabama",0.0,0.0,0.0,0.0,0.0,0.0,0.0,0.0,0.0,0500000US01111,17999,,51551,29488,,39.9,13.3,24.4,25.2,19.2,13.2,37.8,0.0,0.0
AL,1113,"Russell County, Alabama",0.0,0.0,0.0,0.0,0.0,0.0,0.0,0.0,0.0,0500000US01113,45948,,50046,27383,,39.8,13.0,23.9,27.4,27.4,20.0,43.0,0.0,0.0
AL,1115,"St. Clair County, Alabama",0.0,0.0,0.0,0.0,0.0,0.0,0.0,0.0,0.0,0500000US01115,74730,,78993,34937,,36.0,15.3,25.0,21.3,15.4,11.6,39.6,0.0,0.0
AL,1117,"Shelby County, Alabama",0.0,0.0,0.0,0.0,0.0,0.0,0.0,0.0,0.0,0500000US01117,181376,,93543,47914,,28.1,16.3,21.6,16.1,11.1,8.8,31.7,0.0,0.0
AL,1119,"Sumter County, Alabama",0.0,0.0,0.0,0.0,0.0,0.0,0.0,0.0,0.0,0500000US01119,9923,,37981,19854,,42.6,10.9,21.5,29.6,32.0,22.2,47.2,0.0,0.0
AL,1121,"Talladega County, Alabama",0.0,0.0,0.0,0.0,0.0,0.0,0.0,0.0,0.0,0500000US01121,66061,,56249,29774,,39.4,13.2,22.7,26.4,22.5,16.2,45.6,0.0,0.0
AL,1123,"Tallapoosa County, Alabama",0.0,0.0,0.0,0.0,0.0,0.0,0.0,0.0,0.0,0500000US01123,33752,,57185,31718,,39.7,12.7,23.5,25.6,19.2,13.5,39.5,0.0,0.0
AL,1125,"Tuscaloosa County, Alabama",0.0,0.0,0.0,0.0,0.0,0.0,0.0,0.0,0.0,0500000US01125,190799,,63947,33674,,34.7,15.6,25.0,20.6,19.5,14.3,41.0,0.0,0.0
AL,1127,"Walker County, Alabama",0.0,0.0,0.0,0.0,0.0,0.0,0.0,0.0,0.0,0500000US01127,51973,,54509,28706,,41.5,13.7,26.6,25.9,19.0,12.5,35.8,0.0,0.0
AL,1129,"Washington County, Alabama",0.0,0.0,0.0,0.0,0.0,0.0,0.0,0.0,0.0,0500000US01129,12560,,60503,31555,,41.1,12.9,24.1,26.1,21.0,14.5,41.1,0.0,0.0
AL,1131,"Wilcox County, Alabama",0.0,0.0,0.0,0.0,0.0,0.0,0.0,0.0,0.0,0500000US01131,8268,,42236,23366,,48.0,9.8,21.4,36.1,37.8,25.2,51.2,0.0,0.0
AL,1133,"Winston County, Alabama",0.0,0.0,0.0,0.0,0.0,0.0,0.0,0.0,0.0,0500000US01133,19489,,48032,27258,,42.9,13.5,26.2,27.7,19.9,12.6,39.1,0.0,0.0
GA,13001,"Appling County, Georgia",13.0,6205424.0,6008745.0,3567081.0,0.0,80.0,477340.3076923077,462211.1538461539,6.153846153846154,0500000US13001,14395,,43728,25218,,39.2,13.4,22.0,28.7,24.5,17.9,40.6,80.0,6.153846153846154
GA,13003,"Atkinson County, Georgia",0.0,0.0,0.0,0.0,0.0,0.0,0.0,0.0,0.0,0500000US13003,6380,,38438,23886,,41.8,14.0,22.0,32.9,31.5,23.2,44.0,0.0,0.0
GA,13005,"Bacon County, Georgia",7.0,192704578.0,192986501.0,611065.0,0.0,9.0,27529225.42857143,27569500.14285714,1.2857142857142858,0500000US13005,8722,,50310,25969,,35.8,14.4,22.1,24.9,20.8,16.1,36.9,9.0,1.2857142857142858
GA,13007,"Baker County, Georgia",1.0,124192.0,106305.0,1204.0,0.0,25.0,124192.0,106305.0,25.0,0500000US13007,2343,,44405,25017,,42.2,10.7,19.3,31.7,28.3,19.8,43.3,25.0,25.0
GA,13009,"Baldwin County, Georgia",40.0,27560605.0,30452663.0,6638963.0,4.0,1240.0,689015.125,761316.575,31.0,0500000US13009,36630,,55413,32573,,34.7,14.1,20.4,23.8,22.3,17.4,38.7,1240.0,31.0
GA,13011,"Banks County, Georgia",5.0,986303.0,893095.0,360686.0,0.0,0.0,197260.6,178619.0,0.0,0500000US13011,15218,,68830,32088,,34.4,15.4,22.8,22.8,16.4,12.7,34.5,0.0,0.0
GA,13013,"Barrow County, Georgia",40.0,36011506.0,31227548.0,2749845.0,1.0,1022.0,900287.65,780688.7,25.55,0500000US13013,67519,,77477,31914,,30.2,15.3,19.7,20.2,17.3,14.5,35.3,1022.0,25.55
GA,13015,"Bartow County, Georgia",74.0,298782519.0,288831560.0,35367071.0,1.0,12715.0,4037601.608108108,3903129.189189189,171.82432432432432,0500000US13015,88016,,79431,33951,,30.4,16.1,21.2,20.4,14.9,12.7,38.7,12715.0,171.82432432432432
GA,13017,"Ben Hill County, Georgia",6.0,1690464.0,1382575.0,0.0,0.0,111.0,281744.0,230429.16666666663,18.5,0500000US13017,13461,,39081,23099,,40.1,12.4,20.9,30.0,28.6,21.1,41.5,111.0,18.5
GA,13019,"Berrien County, Georgia",8.0,2899822.0,2437838.0,648697.0,0.0,11.0,362477.75,304729.75,1.375,0500000US13019,14501,,50414,26263,,37.7,14.4,22.9,26.5,22.0,16.1,38.1,11.0,1.375
GA,13021,"Bibb County, Georgia",278.0,2844737010.0,2711838954.0,147426061.0,7.0,102743.0,10232866.942446044,9754816.381294964,369.5791366906475,0500000US13021,122194,,50747,31306,,36.8,12.6,19.5,26.1,25.9,20.4,44.7,102743.0,369.5791366906475
GA,13023,"Bleckley County, Georgia",5.0,1216091.0,1082187.0,0.0,0.0,32.0,243218.2,216437.4,6.4,0500000US13023,10272,,53005,29677,,35.3,13.9,21.8,23.6,19.5,15.4,37.7,32.0,6.4
GA,13025,"Brantley County, Georgia",3.0,89178298.0,89148820.0,58525.0,0.0,3.0,29726099.333333332,29716273.333333332,1.0,0500000US13025,14635,,47801,25293,,37.0,15.0,24.0,25.0,18.4,13.7,39.0,3.0,1.0
GA,13027,"Brooks County, Georgia",19.0,78496613.0,83288867.0,7100.0,2.0,8219.0,4131400.6842105263,4383624.578947368,432.57894736842104,0500000US13027,13206,,47656,27303,,40.1,11.8,20.2,30.1,26.5,19.4,40.2,8219.0,432.57894736842104
GA,13029,"Bryan County, Georgia",21.0,3840239.0,2520672.0,86906.0,1.0,986.0,182868.52380952385,120032.0,46.95238095238095,0500000US13029,34685,,94234,42576,,26.4,17.9,20.5,15.7,12.1,11.4,33.5,986.0,46.95238095238095
GA,13031,"Bulloch County, Georgia",87.0,242187727.0,210991567.0,121523545.0,3.0,2399.0,2783766.9770114943,2425190.425287356,27.57471264367816,0500000US13031,66867,,56832,30450,,31.4,15.2,21.4,20.3,19.2,15.6,38.9,2399.0,27.57471264367816
GA,13033,"Burke County, Georgia",10.0,6940949.0,6876616.0,250000.0,0.0,90.0,694094.9,687661.6,9.0,0500000US13033,19220,,50739,31580,,38.0,12.3,20.4,27.7,25.9,20.0,40.1,90.0,9.0
GA,13035,"Butts County, Georgia",11.0,170780503.0,175143580.0,9856412.0,0.0,841.0,15525500.272727272,15922143.636363637,76.45454545454545,0500000US13035,21287,,59221,27924,,33.9,15.3,20.4,23.2,19.8,16.1,38.2,841.0,76.45454545454545
GA,13037,"Calhoun County, Georgia",3.0,17326847.0,19437879.0,31128.0,0.0,0.0,5775615.666666667,6479293.0,0.0,0500000US13037,4789,,55714,19913,,38.7,13.3,17.3,29.9,30.5,23.6,43.6,0.0,0.0
GA,13039,"Camden County, Georgia",38.0,20686337.0,22979666.0,1597250.0,1.0,1093.0,544377.2894736842,604728.052631579,28.76315789473684,0500000US13039,44081,,72399,34401,,31.1,16.0,20.9,20.1,16.1,13.6,37.2,1093.0,28.76315789473684
GA,13043,"Candler County, Georgia",6.0,105908630.0,100339408.0,3006166.0,0.0,95.0,17651438.333333332,16723234.666666666,15.833333333333334,0500000US13043,8634,,50431,25898,,37.9,13.4,21.2,27.3,23.6,17.9,42.2,95.0,15.833333333333334
GA,13045,"Carroll County, Georgia",102.0,1193582904.0,1105133051.0,15750809.0,7.0,7803.0,11701793.176470589,10834637.75490196,76.5,0500000US13045,96480,,72327,32201,,33.4,15.7,21.3,21.4,18.1,14.8,34.2,7803.0,76.5
GA,13047,"Catoosa County, Georgia",46.0,234853827.0,238507058.0,9607987.0,1.0,612.0,5105517.978260869,5184936.043478261,13.304347826086955,0500000US13047,55026,,72425,35382,,31.6,15.8,21.3,19.1,12.4,10.3,34.1,612.0,13.304347826086955
GA,13049,"Charlton County, Georgia",0.0,0.0,0.0,0.0,0.0,0.0,0.0,0.0,0.0,0500000US13049,10745,,48534,24015,,37.9,15.5,20.1,28.2,26.0,20.4,41.5,0.0,0.0
GA,13051,"Chatham County, Georgia",372.0,3511274668.0,3180415959.0,137877095.0,19.0,66730.0,9438910.397849465,8549505.266129032,179.38172043010752,0500000US13051,242456,,69575,38920,,29.6,15.5,18.9,19.0,17.6,14.9,33.0,66730.0,179.38172043010752
GA,13053,"Chattahoochee County, Georgia",3.0,242160.0,237652.0,0.0,0.0,0.0,80720.0,79217.33333333333,0.0,0500000US13053,7510,,59221,26920,,29.7,20.6,21.0,18.3,20.3,16.9,35.8,0.0,0.0
GA,13055,"Chattooga County, Georgia",10.0,4460138.0,4031215.0,977404.0,0.0,20.0,446013.8,403121.5,2.0,0500000US13055,20080,,47785,23391,,39.6,14.5,23.1,28.0,22.6,16.3,35.2,20.0,2.0
GA,13057,"Cherokee County, Georgia",213.0,215367676.0,216453672.0,24206928.0,2.0,44147.0,1011115.8497652584,1016214.4225352112,207.26291079812208,0500000US13057,218247,,105442,47337,,25.8,17.2,20.2,16.5,10.8,9.8,33.5,44147.0,207.26291079812208
GA,13059,"Clarke County, Georgia",252.0,2385095900.0,2158310982.0,283489418.0,9.0,13278.0,9464666.26984127,8564726.11904762,52.69047619047619,0500000US13059,109402,,52267,31915,,29.8,16.3,22.2,19.4,18.4,14.7,30.2,13278.0,52.69047619047619
GA,13061,"Clay County, Georgia",1.0,145280.0,188493.0,0.0,0.0,0.0,145280.0,188493.0,0.0,0500000US13061,2458,,48715,29009,,40.0,10.0,18.3,29.4,25.9,19.4,41.2,0.0,0.0
GA,13063,"Clayton County, Georgia",136.0,121894058.0,129226734.0,30412354.0,6.0,4202.0,896279.8382352941,950196.5735294118,30.897058823529413,0500000US13063,227017,,58507,26826,,33.8,11.9,17.0,25.1,30.8,26.5,45.2,4202.0,30.897058823529413
GA,13065,"Clinch County, Georgia",3.0,29678934.0,29510771.0,0.0,1.0,0.0,9892978.0,9836923.666666666,0.0,0500000US13065,5298,,55549,24906,,39.4,13.3,21.8,29.1,26.2,19.3,41.9,0.0,0.0
GA,13067,"Cobb County, Georgia",985.0,11693664873.0,10017316555.0,141599721.0,64.0,284057.0,11871740.98781726,10169864.52284264,288.3827411167513,0500000US13067,614780,,98712,50975,,23.6,15.0,18.2,15.8,12.5,11.7,29.9,284057.0,288.3827411167513
GA,13069,"Coffee County, Georgia",19.0,195717484.0,192044074.0,629123.0,1.0,116.0,10300920.210526315,10107582.842105264,6.105263157894737,0500000US13069,33633,,50175,23567,,39.8,14.0,21.7,28.5,27.6,20.8,39.3,116.0,6.105263157894737
GA,13071,"Colquitt County, Georgia",39.0,239235225.0,237129964.0,39634594.0,0.0,1664.0,6134236.538461538,6080255.487179487,42.666666666666664,0500000US13071,35525,,49691,27073,,38.4,13.5,21.7,28.2,25.7,19.7,35.7,1664.0,42.666666666666664
GA,13073,"Columbia County, Georgia",111.0,211363439.0,179623968.0,12247519.0,6.0,10850.0,1904175.1261261264,1618233.945945946,97.74774774774777,0500000US13073,124655,,96122,42457,,25.0,14.4,19.4,16.4,12.2,11.1,33.1,10850.0,97.74774774774777
GA,13075,"Cook County, Georgia",4.0,2360265.0,2138629.0,80912.0,0.0,25.0,590066.25,534657.25,6.25,0500000US13075,13428,,50133,25003,,37.3,14.0,22.2,27.4,25.0,18.8,37.6,25.0,6.25
GA,13077,"Coweta County, Georgia",104.0,541742863.0,453938543.0,16234727.0,0.0,60032.0,5209065.990384615,4364793.682692308,577.2307692307693,0500000US13077,119388,,94142,43281,,28.6,15.1,19.3,17.7,12.9,11.4,35.7,60032.0,577.2307692307693
GA,13079,"Crawford County, Georgia",2.0,544644.0,608900.0,287307.0,0.0,10.0,272322.0,304450.0,5.0,0500000US13079,9982,,60905,32796,,34.8,14.1,20.6,23.3,17.9,13.9,37.3,10.0,5.0
GA,13081,"Crisp County, Georgia",15.0,134944708.0,136243070.0,3495025.0,0.0,292.0,8996313.866666667,9082871.333333334,19.466666666666665,0500000US13081,15799,,42745,28062,,39.9,11.8,20.5,29.7,27.7,20.8,44.6,292.0,19.466666666666665
GA,13083,"Dade County, Georgia",12.0,7727715.0,7343209.0,1450522.0,0.0,249.0,643976.25,611934.0833333334,20.75,0500000US13083,13317,,58936,32865,,32.4,15.6,22.6,20.1,12.8,10.3,35.1,249.0,20.75
GA,13085,"Dawson County, Georgia",37.0,28733564.0,25904092.0,654745.0,0.0,1936.0,776582.8108108108,700110.5945945946,52.32432432432432,0500000US13085,23753,,88986,43291,,28.7,16.0,21.0,17.6,11.2,9.5,31.6,1936.0,52.32432432432432
GA,13087,"Decatur County, Georgia",17.0,4162002.0,4374544.0,792616.0,0.0,294.0,244823.64705882352,257326.11764705885,17.294117647058822,0500000US13087,22651,,50485,26544,,38.3,12.5,20.3,27.9,26.5,20.5,42.2,294.0,17.294117647058822
GA,13089,"DeKalb County, Georgia",1164.0,20641062444.0,19799693459.0,1641382536.0,64.0,567132.0,17732871.51546392,17010045.926975947,487.22680412371136,0500000US13089,605413,,77683,45544,,24.5,14.4,16.9,18.2,17.4,15.4,31.8,567132.0,487.22680412371136
GA,13091,"Dodge County, Georgia",5.0,34228497.0,27296827.0,211722.0,0.0,0.0,6845699.4,5459365.4,0.0,0500000US13091,16607,,50152,24702,,37.4,13.7,20.6,26.1,22.9,17.3,40.4,0.0,0.0
GA,13093,"Dooly County, Georgia",6.0,28307622.0,28211473.0,19166.0,0.0,100.0,4717937.0,4701912.166666667,16.666666666666668,0500000US13093,9534,,56545,27078,,37.2,12.7,17.8,27.3,24.8,19.6,41.0,100.0,16.666666666666668
GA,13095,"Dougherty County, Georgia",121.0,1362877731.0,1237463837.0,114554210.0,5.0,4772.0,11263452.32231405,10226973.859504132,39.43801652892562,0500000US13095,66124,,46784,27125,,38.0,11.1,18.6,29.4,30.7,24.0,41.9,4772.0,39.43801652892562
GA,13097,"Douglas County, Georgia",87.0,598358085.0,596531931.0,9629131.0,2.0,761.0,6877679.137931035,6856688.862068965,8.74712643678161,0500000US13097,113844,,80764,35070,,30.7,13.9,18.2,20.4,20.0,17.7,36.3,761.0,8.74712643678161
GA,13099,"Early County, Georgia",10.0,21160825.0,20403232.0,4854500.0,0.0,107.0,2116082.5,2040323.2,10.7,0500000US13099,8339,,53750,26879,,39.9,11.6,19.8,29.0,27.1,20.7,40.7,107.0,10.7
GA,13101,"Echols County, Georgia",0.0,0.0,0.0,0.0,0.0,0.0,0.0,0.0,0.0,0500000US13101,2820,,61723,25653,,33.1,15.5,20.6,23.4,19.4,15.7,38.3,0.0,0.0
GA,13103,"Effingham County, Georgia",25.0,81641212.0,87294831.0,9330745.0,0.0,776.0,3265648.48,3491793.24,31.04,0500000US13103,51139,,85465,37841,,28.5,16.6,20.5,17.9,13.5,12.2,37.9,776.0,31.04
GA,13105,"Elbert County, Georgia",7.0,2795178.0,2298590.0,8110.0,0.0,85.0,399311.1428571429,328370.0,12.142857142857142,0500000US13105,15829,,49727,28743,,36.4,13.1,20.4,25.4,21.0,16.2,38.2,85.0,12.142857142857142
GA,13107,"Emanuel County, Georgia",17.0,29856598.0,30065867.0,9884288.0,0.0,168.0,1756270.4705882352,1768580.4117647058,9.882352941176473,0500000US13107,17896,,50053,24356,,37.4,13.4,20.8,28.1,25.6,19.6,42.7,168.0,9.882352941176473
GA,13109,"Evans County, Georgia",11.0,40211253.0,37380757.0,1739610.0,0.0,14.0,3655568.4545454546,3398250.636363636,1.2727272727272727,0500000US13109,8217,,53908,26995,,37.6,13.5,20.8,27.4,25.2,19.2,42.4,14.0,1.2727272727272727
GA,13111,"Fannin County, Georgia",40.0,95726118.0,90539544.0,11824870.0,0.0,1565.0,2393152.95,2263488.6,39.125,0500000US13111,22172,,58073,38719,,35.9,13.1,20.7,23.2,13.6,9.7,38.2,1565.0,39.125
GA,13113,"Fayette County, Georgia",174.0,1167953629.0,822404411.0,16921297.0,4.0,10926.0,6712377.17816092,4726462.1321839085,62.793103448275865,0500000US13113,97257,,108986,52188,,26.0,13.8,17.6,15.6,10.5,9.7,30.7,10926.0,62.793103448275865
GA,13115,"Floyd County, Georgia",104.0,1454870023.0,1489954030.0,18377298.0,7.0,6489.0,13989134.836538462,14326481.057692308,62.39423076923077,0500000US13115,78855,,62540,32628,,34.5,14.8,22.3,22.5,18.4,14.5,37.3,6489.0,62.39423076923077
GA,13117,"Forsyth County, Georgia",159.0,606052692.0,600127286.0,9004003.0,3.0,26071.0,3811652.150943396,3774385.446540881,163.9685534591195,0500000US13117,200586,,138000,55936,,20.9,15.3,17.4,13.4,8.5,7.7,27.7,26071.0,163.9685534591195
GA,13119,"Franklin County, Georgia",22.0,86280647.0,87752870.0,993195.0,0.0,611.0,3921847.590909091,3988766.8181818184,27.772727272727273,0500000US13119,19368,,52264,29576,,35.9,14.6,22.6,24.5,18.7,13.8,39.0,611.0,27.772727272727273
GA,13121,"Fulton County, Georgia",3026.0,35773719568.0,33128666324.0,2288770124.0,294.0,2899339.0,11822114.86054197,10948006.055518838,958.1424322538004,0500000US13121,869503,,91490,61438,,24.8,15.9,16.9,16.3,14.8,13.4,28.2,2899339.0,958.1424322538004
GA,13123,"Gilmer County, Georgia",33.0,26266303.0,23638318.0,3648892.0,0.0,1723.0,795948.5757575758,716312.6666666666,52.21212121212121,0500000US13123,26588,,72542,34175,,35.7,13.5,20.7,22.5,13.5,10.4,34.2,1723.0,52.21212121212121
GA,13125,"Glascock County, Georgia",1.0,297948.0,269520.0,255000.0,0.0,0.0,297948.0,269520.0,0.0,0500000US13125,2339,,55250,26537,,35.0,15.0,22.5,23.4,17.2,13.1,37.6,0.0,0.0
GA,13127,"Glynn County, Georgia",135.0,1708311877.0,1653514011.0,63814014.0,10.0,27554.0,12654162.051851852,12248251.933333334,204.1037037037037,0500000US13127,69052,,68546,41042,,32.7,13.9,19.3,21.7,16.3,13.2,35.1,27554.0,204.1037037037037
GA,13129,"Gordon County, Georgia",30.0,289249210.0,266939879.0,4430677.0,1.0,2283.0,9641640.333333334,8897995.966666667,76.1,0500000US13129,46058,,61997,31642,,35.4,15.2,22.5,23.9,18.4,14.6,35.3,2283.0,76.1
GA,13131,"Grady County, Georgia",13.0,53780884.0,52686071.0,1293185.0,0.0,66.0,4136991.076923077,4052774.692307693,5.076923076923077,0500000US13131,20273,,54312,28055,,36.3,12.8,20.3,26.6,23.0,18.1,38.5,66.0,5.076923076923077
GA,13133,"Greene County, Georgia",39.0,97795508.0,85913294.0,6083610.0,0.0,1453.0,2507577.128205128,2202904.9743589745,37.256410256410255,0500000US13133,16654,,84530,56767,,31.8,12.2,17.5,20.1,13.2,10.9,33.7,1453.0,37.256410256410255
GA,13135,"Gwinnett County, Georgia",839.0,1753558240.0,1603945865.0,64341432.0,41.0,139321.0,2090057.4970202623,1911735.2383790223,166.0560190703218,0500000US13135,743477,,84823,37588,,26.2,13.1,15.7,19.2,17.6,15.5,34.9,139321.0,166.0560190703218
GA,13137,"Habersham County, Georgia",50.0,161018516.0,162517239.0,4699258.0,0.0,1558.0,3220370.32,3250344.78,31.16,0500000US13137,37861,,65622,30661,,32.3,14.8,21.5,21.4,16.0,12.6,32.2,1558.0,31.16
GA,13139,"Hall County, Georgia",175.0,3424879768.0,3120712856.0,47588905.0,14.0,33180.0,19570741.53142857,17832644.89142857,189.6,0500000US13139,163982,,77430,37271,,32.0,14.6,20.2,21.6,17.6,14.4,32.3,33180.0,189.6
GA,13141,"Hancock County, Georgia",3.0,240342.0,216374.0,117966.0,0.0,20.0,80114.0,72124.66666666667,6.666666666666667,0500000US13141,7499,,33182,19305,,43.1,10.9,17.5,33.9,33.7,25.1,44.8,20.0,6.666666666666667
GA,13143,"Haralson County, Georgia",12.0,25522468.0,24828034.0,282346.0,0.0,111.0,2126872.3333333335,2069002.8333333333,9.25,0500000US13143,24254,,65016,32715,,33.0,16.3,23.8,21.1,15.4,12.1,36.2,111.0,9.25
GA,13145,"Harris County, Georgia",31.0,20296653.0,24267760.0,1491781.0,3.0,1257.0,654730.7419354839,782830.9677419355,40.54838709677419,0500000US13145,28885,,89184,42883,,27.8,15.7,18.8,17.2,11.1,9.9,33.0,1257.0,40.54838709677419
GA,13147,"Hart County, Georgia",15.0,89266302.0,88625682.0,1308397.0,0.0,453.0,5951086.8,5908378.8,30.2,0500000US13147,21720,,57241,31280,,33.8,13.8,20.4,22.7,16.6,13.1,35.1,453.0,30.2
GA,13149,"Heard County, Georgia",6.0,1647769.0,1565698.0,0.0,0.0,70.0,274628.1666666667,260949.66666666663,11.666666666666666,0500000US13149,9341,,62907,32800,,34.9,15.0,22.6,23.4,17.5,13.6,35.6,70.0,11.666666666666666
GA,13151,"Henry County, Georgia",149.0,813230152.0,754827103.0,8990775.0,2.0,5668.0,5457920.483221477,5065953.711409396,38.04026845637584,0500000US13151,192175,,81612,36051,,28.1,13.3,17.6,19.8,18.2,16.8,45.2,5668.0,38.04026845637584
GA,13153,"Houston County, Georgia",107.0,620030247.0,597870315.0,30985249.0,6.0,6803.0,5794675.205607477,5587573.037383177,63.57943925233645,0500000US13153,129377,,80743,36079,,29.1,14.4,20.5,19.3,16.0,14.3,39.7,6803.0,63.57943925233645
GA,13155,"Irwin County, Georgia",4.0,47389102.0,46891824.0,4710585.0,0.0,0.0,11847275.5,11722956.0,0.0,0500000US13155,7684,,53915,27128,,36.8,13.7,21.5,26.1,21.4,16.3,40.3,0.0,0.0
GA,13157,"Jackson County, Georgia",60.0,706852948.0,690686955.0,1425070.0,1.0,4120.0,11780882.466666669,11511449.25,68.66666666666667,0500000US13157,62598,,85012,35704,,29.0,16.8,20.5,18.7,14.3,12.1,33.0,4120.0,68.66666666666667
GA,13159,"Jasper County, Georgia",7.0,19543488.0,20757731.0,476912.0,0.0,17.0,2791926.8571428573,2965390.1428571427,2.4285714285714284,0500000US13159,12209,,59574,31661,,34.0,14.9,21.7,22.9,17.7,13.8,37.1,17.0,2.4285714285714284
GA,13161,"Jeff Davis County, Georgia",7.0,2361063.0,2297283.0,148518.0,0.0,3.0,337294.71428571426,328183.28571428574,0.4285714285714285,0500000US13161,11479,,40879,23844,,39.9,14.0,22.2,28.5,25.3,18.5,40.4,3.0,0.4285714285714285
GA,13163,"Jefferson County, Georgia",17.0,92421561.0,92074535.0,3900.0,0.0,527.0,5436562.411764706,5416149.117647059,31.0,0500000US13163,12315,,46561,25591,,39.8,12.0,19.9,29.4,28.6,21.8,41.3,527.0,31.0
GA,13165,"Jenkins County, Georgia",7.0,51498173.0,51052651.0,393261.0,0.0,50.0,7356881.857142857,7293235.857142857,7.142857142857143,0500000US13165,7243,,36906,21473,,40.3,13.2,20.5,30.5,30.1,22.4,42.5,50.0,7.142857142857143
GA,13167,"Johnson County, Georgia",3.0,20760551.0,20598190.0,9040729.0,0.0,27.0,6920183.666666667,6866063.333333333,9.0,0500000US13167,7698,,54183,24652,,40.6,13.5,20.2,29.5,25.9,19.2,43.5,27.0,9.0
GA,13169,"Jones County, Georgia",14.0,656479911.0,643100100.0,4905912.0,0.0,28.0,46891422.21428572,45935721.428571425,2.0,0500000US13169,22789,,68259,33522,,33.1,14.0,20.8,21.8,17.2,14.3,39.8,28.0,2.0
GA,13171,"Lamar County, Georgia",21.0,89283656.0,85640419.0,1038176.0,0.0,154.0,4251602.666666667,4078115.1904761903,7.333333333333333,0500000US13171,15632,,68457,33389,,32.4,14.8,20.9,21.5,17.8,14.6,36.6,154.0,7.333333333333333
GA,13173,"Lanier County, Georgia",5.0,8520560.0,8460315.0,56000.0,0.0,9.0,1704112.0,1692063.0,1.8,0500000US13173,8073,,44361,25150,,37.2,14.4,22.0,26.7,24.5,18.6,40.9,9.0,1.8
GA,13175,"Laurens County, Georgia",36.0,68244777.0,64488857.0,2382409.0,1.0,101.0,1895688.25,1791357.138888889,2.8055555555555554,0500000US13175,38758,,49705,29642,,35.1,14.0,20.3,26.3,23.3,18.0,44.0,101.0,2.8055555555555554
GA,13177,"Lee County, Georgia",12.0,3738411.0,4245502.0,175518.0,0.0,2928.0,311534.25,353791.8333333333,244.0,0500000US13177,25983,,88024,37641,,27.7,15.1,20.2,17.5,13.8,12.3,39.2,2928.0,244.0
GA,13179,"Liberty County, Georgia",44.0,103500767.0,101879909.0,5336650.0,0.0,3411.0,2352290.159090909,2315452.477272727,77.52272727272727,0500000US13179,49840,,59013,27648,,31.1,16.4,19.7,20.8,21.8,18.8,32.3,3411.0,77.52272727272727
GA,13181,"Lincoln County, Georgia",0.0,0.0,0.0,0.0,0.0,0.0,0.0,0.0,0.0,0500000US13181,6492,,50688,28988,,37.8,12.2,20.3,26.2,19.9,14.9,38.0,0.0,0.0
GA,13183,"Long County, Georgia",0.0,0.0,0.0,0.0,0.0,0.0,0.0,0.0,0.0,0500000US13183,13249,,64747,26766,,32.1,15.9,21.3,22.2,21.7,18.6,38.4,0.0,0.0
GA,13185,"Lowndes County, Georgia",90.0,733754511.0,654330982.0,76666155.0,5.0,6407.0,8152827.9,7270344.244444445,71.18888888888888,0500000US13185,93057,,55887,29757,,34.0,14.3,20.5,22.1,21.7,17.6,38.7,6407.0,71.18888888888888
GA,13187,"Lumpkin County, Georgia",36.0,35047869.0,31539346.0,1491336.0,1.0,905.0,973551.9166666666,876092.9444444445,25.13888888888889,0500000US13187,28850,,72388,36037,,30.7,16.5,22.5,18.9,13.2,10.2,28.9,905.0,25.13888888888889
GA,13189,"McDuffie County, Georgia",11.0,4169465.0,3281229.0,2311652.0,0.0,111.0,379042.2727272727,298293.54545454547,10.090909090909092,0500000US13189,16947,,54058,28071,,36.6,12.9,20.4,25.4,22.6,17.5,38.9,111.0,10.090909090909092
GA,13191,"McIntosh County, Georgia",8.0,3352432.0,3236728.0,376509.0,0.0,36.0,419054.0,404591.0,4.5,0500000US13191,9619,,50348,29599,,40.6,11.4,20.3,30.1,23.2,16.5,40.7,36.0,4.5
GA,13193,"Macon County, Georgia",4.0,1484365.0,1810236.0,936727.0,0.0,15.0,371091.25,452559.0,3.75,0500000US13193,10004,,37177,26030,,42.6,11.7,18.1,33.6,35.1,25.8,43.8,15.0,3.75
GA,13195,"Madison County, Georgia",14.0,64948967.0,63554867.0,8905987.0,0.0,284.0,4639211.928571428,4539633.357142857,20.285714285714285,0500000US13195,24588,,58784,28436,,35.3,14.7,22.3,24.5,19.0,14.4,38.1,284.0,20.285714285714285
GA,13197,"Marion County, Georgia",5.0,812840.0,829157.0,262552.0,0.0,0.0,162568.0,165831.4,0.0,0500000US13197,6091,,50484,27096,,38.7,12.3,20.4,27.8,23.1,17.1,38.6,0.0,0.0
GA,13199,"Meriwether County, Georgia",10.0,7442486.0,4673179.0,75541.0,0.0,480.0,744248.6,467317.9,48.0,0500000US13199,16802,,56458,27400,,37.1,12.6,20.4,26.5,22.9,17.6,41.4,480.0,48.0
GA,13201,"Miller County, Georgia",4.0,1515236.0,1739927.0,490768.0,0.0,0.0,378809.0,434981.75,0.0,0500000US13201,4628,,58407,32027,,38.0,12.3,21.1,26.9,21.5,16.1,41.8,0.0,0.0
GA,13205,"Mitchell County, Georgia",19.0,94396700.0,92947882.0,14379432.0,0.0,132.0,4968247.368421053,4891993.7894736845,6.947368421052632,0500000US13205,17020,,51908,25820,,38.1,12.7,20.0,28.2,27.0,20.7,45.1,132.0,6.947368421052632
GA,13207,"Monroe County, Georgia",17.0,11037617.0,10322830.0,835990.0,0.0,507.0,649271.5882352941,607225.2941176471,29.823529411764707,0500000US13207,23623,,82863,43106,,30.3,14.8,20.0,19.7,14.7,12.2,34.9,507.0,29.823529411764707
GA,13209,"Montgomery County, Georgia",4.0,21520139.0,20107112.0,775809.0,0.0,111.0,5380034.75,5026778.0,27.75,0500000US13209,7071,,51188,27633,,35.6,14.1,21.1,24.3,20.8,16.1,39.4,111.0,27.75
GA,13211,"Morgan County, Georgia",25.0,23368419.0,17921300.0,1444137.0,1.0,616.0,934736.76,716852.0,24.64,0500000US13211,16711,,85692,40661,,29.3,15.4,19.6,18.4,12.4,10.6,31.7,616.0,24.64
GA,13213,"Murray County, Georgia",13.0,13891559.0,13887074.0,2942008.0,0.0,617.0,1068581.4615384615,1068236.4615384615,47.46153846153846,0500000US13213,31927,,67880,30205,,33.7,15.7,22.4,22.8,17.0,13.5,41.5,617.0,47.46153846153846
GA,13215,"Muscogee County, Georgia",252.0,1394011264.0,1283434542.0,72229623.0,24.0,19291.0,5531790.73015873,5092994.214285715,76.5515873015873,0500000US13215,158579,,56622,32811,,32.4,13.7,19.6,23.7,22.0,18.4,40.3,19291.0,76.5515873015873
GA,13217,"Newton County, Georgia",52.0,844849959.0,807158066.0,2752163.0,1.0,1501.0,16247114.596153846,15522270.5,28.865384615384617,0500000US13217,89265,,73732,31537,,31.7,14.0,18.8,21.8,21.1,18.1,42.4,1501.0,28.865384615384617
GA,13219,"Oconee County, Georgia",57.0,95727213.0,43625386.0,1766780.0,1.0,5360.0,1679424.7894736845,765357.649122807,94.03508771929825,0500000US13219,33175,,115925,55741,,23.4,16.5,19.5,13.3,7.5,7.0,28.8,5360.0,94.03508771929825
GA,13221,"Oglethorpe County, Georgia",4.0,794205.0,662886.0,0.0,0.0,55.0,198551.25,165721.5,13.75,0500000US13221,12237,,69784,32062,,32.5,14.6,20.8,21.9,15.7,12.6,36.4,55.0,13.75
GA,13223,"Paulding County, Georgia",70.0,33673182.0,26954320.0,2496593.0,1.0,1557.0,481045.45714285714,385061.71428571426,22.242857142857144,0500000US13223,135264,,94557,36776,,26.3,15.8,20.4,17.5,14.4,13.3,38.4,1557.0,22.242857142857144
GA,13225,"Peach County, Georgia",19.0,9610193.0,9145867.0,69226.0,0.0,94.0,505799.63157894736,481361.4210526316,4.947368421052632,0500000US13225,22939,,68365,33624,,32.7,13.5,19.5,22.3,20.5,17.2,39.3,94.0,4.947368421052632
GA,13227,"Pickens County, Georgia",58.0,232311492.0,188429591.0,12624220.0,2.0,1674.0,4005370.5517241377,3248786.0517241377,28.86206896551724,0500000US13227,28545,,75293,38359,,32.2,15.0,21.8,20.1,12.8,10.1,35.0,1674.0,28.86206896551724
GA,13229,"Pierce County, Georgia",10.0,4952564.0,4702387.0,0.0,0.0,1309.0,495256.4,470238.7,130.9,0500000US13229,15660,,56691,29266,,35.6,14.9,22.5,23.6,17.9,14.0,36.4,1309.0,130.9
GA,13231,"Pike County, Georgia",8.0,2825387.0,2933312.0,0.0,0.0,7.0,353173.375,366664.0,0.875,0500000US13231,15499,,84184,36105,,30.0,16.1,21.7,18.8,13.1,11.1,36.0,7.0,0.875
GA,13233,"Polk County, Georgia",21.0,17716204.0,16132272.0,1093034.0,0.0,908.0,843628.7619047619,768203.4285714285,43.23809523809524,0500000US13233,33512,,55308,27807,,36.1,15.3,22.5,24.5,20.0,15.6,40.4,908.0,43.23809523809524
GA,13235,"Pulaski County, Georgia",13.0,27794898.0,34337192.0,638023.0,0.0,213.0,2138069.076923077,2641322.4615384615,16.384615384615383,0500000US13235,8399,,47688,24849,,38.3,12.5,21.8,27.5,24.2,18.8,40.8,213.0,16.384615384615383
GA,13237,"Putnam County, Georgia",18.0,13185410.0,10950985.0,2947517.0,0.0,756.0,732522.7777777778,608388.0555555555,42.0,0500000US13237,18856,,64163,42671,,35.2,12.4,19.8,24.1,17.9,13.9,39.4,756.0,42.0
GA,13239,"Quitman County, Georgia",0.0,0.0,0.0,0.0,0.0,0.0,0.0,0.0,0.0,0500000US13239,1906,,36838,24325,,43.2,9.6,18.6,31.9,25.9,18.3,42.3,0.0,0.0
GA,13241,"Rabun County, Georgia",30.0,201352216.0,190182269.0,5073483.0,1.0,647.0,6711740.533333333,6339408.966666667,21.566666666666663,0500000US13241,14641,,61466,38315,,33.7,13.4,20.5,21.8,13.0,10.0,34.2,647.0,21.566666666666663
GA,13243,"Randolph County, Georgia",4.0,19994755.0,22101437.0,8841887.0,0.0,26.0,4998688.75,5525359.25,6.5,0500000US13243,4702,,25425,21280,,45.5,9.5,19.6,35.2,34.1,24.2,45.6,26.0,6.5
GA,13245,"Richmond County, Georgia",230.0,982755319.0,954757829.0,168458718.0,16.0,9054.0,4272849.213043478,4151120.995652174,39.36521739130435,0500000US13245,163638,,53197,30209,,34.7,13.2,20.4,25.4,25.7,21.2,36.6,9054.0,39.36521739130435
GA,13247,"Rockdale County, Georgia",80.0,312707194.0,307826218.0,24073447.0,1.0,1709.0,3908839.925,3847827.725,21.3625,0500000US13247,74965,,72349,34548,,32.1,12.4,17.6,22.8,22.7,19.5,39.0,1709.0,21.3625
GA,13249,"Schley County, Georgia",1.0,11500.0,15079.0,0.0,0.0,0.0,11500.0,15079.0,0.0,0500000US13249,3637,,59647,30176,,34.0,14.2,20.8,22.8,17.1,13.6,37.4,0.0,0.0
GA,13251,"Screven County, Georgia",9.0,16251309.0,23541494.0,0.0,1.0,27.0,1805701.0,2615721.5555555555,3.0,0500000US13251,11360,,53017,29121,,36.6,12.5,20.0,26.4,23.0,17.9,40.0,27.0,3.0
GA,13253,"Seminole County, Georgia",5.0,42665681.0,45635009.0,152835.0,0.0,0.0,8533136.2,9127001.8,0.0,0500000US13253,7521,,49559,29184,,37.7,11.8,19.5,26.1,20.7,15.9,39.4,0.0,0.0
GA,13255,"Spalding County, Georgia",61.0,25281085.0,24937240.0,6025012.0,0.0,1588.0,414444.01639344264,408807.2131147541,26.0327868852459,0500000US13255,54196,,60217,36803,,35.6,13.2,20.0,24.8,22.3,17.6,39.7,1588.0,26.0327868852459
GA,13257,"Stephens County, Georgia",33.0,101551786.0,93327574.0,4041978.0,0.0,306.0,3077326.8484848486,2828108.303030303,9.272727272727272,0500000US13257,21692,,52264,27521,,35.9,14.5,22.1,23.8,17.6,13.5,38.5,306.0,9.272727272727272
GA,13259,"Stewart County, Georgia",2.0,75881153.0,66404961.0,11865516.0,0.0,0.0,37940576.5,33202480.5,0.0,0500000US13259,4479,,35000,21024,,39.9,14.2,17.3,31.9,34.6,26.1,41.6,0.0,0.0
GA,13261,"Sumter County, Georgia",49.0,673521347.0,686722563.0,35777927.0,1.0,911955.0,13745333.612244898,14014746.18367347,18611.326530612245,0500000US13261,23025,,41877,24439,,36.3,12.5,19.2,26.2,25.6,20.0,39.5,911955.0,18611.326530612245
GA,13263,"Talbot County, Georgia",1.0,205951.0,238498.0,0.0,0.0,0.0,205951.0,238498.0,0.0,0500000US13263,4910,,45098,28737,,40.6,10.5,18.5,30.2,26.6,19.6,43.1,0.0,0.0
GA,13265,"Taliaferro County, Georgia",1.0,315634.0,164130.0,0.0,0.0,0.0,315634.0,164130.0,0.0,0500000US13265,1461,,48036,24228,,40.6,10.5,17.5,29.8,25.6,19.2,41.7,0.0,0.0
GA,13267,"Tattnall County, Georgia",5.0,78596602.0,78337598.0,331868.0,0.0,0.0,15719320.4,15667519.6,0.0,0500000US13267,19896,,52351,21462,,37.4,14.8,20.2,27.7,26.0,19.9,40.7,0.0,0.0
GA,13269,"Taylor County, Georgia",4.0,268735167.0,268809806.0,0.0,0.0,3.0,67183791.75,67202451.5,0.75,0500000US13269,6400,,41743,25791,,42.2,11.6,21.0,32.2,28.5,20.3,42.4,3.0,0.75
GA,13271,"Telfair County, Georgia",2.0,583852.0,446379.0,0.0,0.0,20.0,291926.0,223189.5,10.0,0500000US13271,9652,,44948,17226,,43.3,12.7,19.8,33.6,32.3,23.2,43.0,20.0,10.0
GA,13273,"Terrell County, Georgia",4.0,8167871.0,8332892.0,3441753.0,0.0,50.0,2041967.75,2083223.0,12.5,0500000US13273,7000,,43812,24665,,42.2,11.1,19.4,32.3,31.6,23.6,43.6,50.0,12.5
GA,13275,"Thomas County, Georgia",74.0,696295450.0,666286966.0,8312902.0,6.0,11515.0,9409397.972972972,9003877.918918919,155.6081081081081,0500000US13275,35967,,60140,33284,,33.9,13.1,19.7,23.5,19.6,15.8,39.2,11515.0,155.6081081081081
GA,13277,"Tift County, Georgia",54.0,576501466.0,550483210.0,6098980.0,2.0,16534.0,10675953.074074076,10194133.51851852,306.18518518518516,0500000US13277,32200,,53165,29381,,35.9,13.7,21.0,25.5,23.3,18.3,39.4,16534.0,306.18518518518516
GA,13279,"Toombs County, Georgia",35.0,95732991.0,107446607.0,3314289.0,0.0,457.0,2735228.314285714,3069903.057142857,13.057142857142855,0500000US13279,20567,,54130,27940,,36.5,13.5,20.8,25.9,22.8,17.6,40.6,457.0,13.057142857142855
GA,13281,"Towns County, Georgia",19.0,227783227.0,224920859.0,1834852.0,0.0,4275.0,11988590.89473684,11837939.94736842,225.0,0500000US13281,11345,,58400,39773,,34.7,12.3,20.3,20.8,10.8,7.9,31.9,4275.0,225.0
GA,13283,"Treutlen County, Georgia",2.0,307547.0,278271.0,37604.0,0.0,5.0,153773.5,139135.5,2.5,0500000US13283,5131,,43750,25728,,42.3,13.2,21.8,31.4,29.2,20.9,41.2,5.0,2.5
GA,13285,"Troup County, Georgia",102.0,314995318.0,293835207.0,25326468.0,5.0,2580.0,3088189.3921568627,2880737.3235294116,25.294117647058822,0500000US13285,54472,,54905,31830,,33.8,14.3,20.7,24.0,21.7,17.3,36.0,2580.0,25.294117647058822
GA,13287,"Turner County, Georgia",1.0,0.0,0.0,0.0,0.0,0.0,0.0,0.0,0.0,0500000US13287,6858,,39565,23275,,40.9,12.2,20.8,29.8,28.0,20.7,44.4,0.0,0.0
GA,13289,"Twiggs County, Georgia",2.0,426506.0,440745.0,0.0,0.0,0.0,213253.0,220372.5,0.0,0500000US13289,6617,,55439,32037,,37.8,12.2,19.1,27.4,22.2,16.9,39.7,0.0,0.0
GA,13291,"Union County, Georgia",21.0,148136992.0,126063565.0,2487289.0,1.0,445.0,7054142.476190476,6003026.904761905,21.19047619047619,0500000US13291,22200,,65697,40312,,35.4,12.6,20.5,21.7,11.5,8.5,34.5,445.0,21.19047619047619
GA,13293,"Upson County, Georgia",14.0,160959570.0,153295976.0,661034.0,0.0,223.0,11497112.142857144,10949712.57142857,15.928571428571429,0500000US13293,22140,,50904,29772,,35.7,13.6,21.2,25.1,21.2,16.5,39.2,223.0,15.928571428571429
GA,13295,"Walker County, Georgia",33.0,94260502.0,86052111.0,2716308.0,1.0,427.0,2856378.8484848486,2607639.727272727,12.93939393939394,0500000US13295,55378,,55887,30482,,33.3,15.1,21.6,21.7,15.1,11.9,38.0,427.0,12.93939393939394
GA,13297,"Walton County, Georgia",52.0,672670608.0,632780156.0,2525660.0,0.0,144686.0,12935973.23076923,12168849.153846154,2782.423076923077,0500000US13297,79247,,82381,36752,,31.8,14.4,20.4,20.6,16.7,13.8,38.3,144686.0,2782.423076923077
GA,13299,"Ware County, Georgia",42.0,65045350.0,62451936.0,39248178.0,0.0,4996.0,1548698.8095238097,1486950.857142857,118.95238095238096,0500000US13299,27881,,44833,23550,,38.0,13.8,21.9,27.8,24.6,18.7,41.3,4996.0,118.95238095238096
GA,13301,"Warren County, Georgia",5.0,4462547.0,4047184.0,299741.0,0.0,9.0,892509.4,809436.8,1.8,0500000US13301,4196,,46776,24793,,40.0,11.0,18.9,29.2,26.6,20.4,43.5,9.0,1.8
GA,13303,"Washington County, Georgia",24.0,69394869.0,67958899.0,6615944.0,0.0,1130.0,2891452.875,2831620.7916666665,47.083333333333336,0500000US13303,16165,,44009,24825,,37.8,12.8,19.4,28.6,27.6,21.3,43.1,1130.0,47.083333333333336
GA,13305,"Wayne County, Georgia",18.0,42499752.0,35774970.0,1599839.0,0.0,193.0,2361097.3333333335,1987498.3333333333,10.72222222222222,0500000US13305,23998,,49562,25077,,36.6,14.6,21.6,26.6,23.5,17.9,43.3,193.0,10.72222222222222
GA,13307,"Webster County, Georgia",0.0,0.0,0.0,0.0,0.0,0.0,0.0,0.0,0.0,0500000US13307,2031,,40764,25407,,40.6,11.2,19.3,29.6,25.1,18.6,42.2,0.0,0.0
GA,13309,"Wheeler County, Georgia",3.0,27602245.0,27638037.0,53711.0,0.0,0.0,9200748.333333334,9212679.0,0.0,0500000US13309,6470,,45262,19272,,38.2,14.6,19.0,28.5,26.8,20.4,41.3,0.0,0.0
GA,13311,"White County, Georgia",25.0,73481771.0,62613856.0,5158377.0,0.0,641.0,2939270.84,2504554.24,25.64,0500000US13311,23695,,69747,34519,,31.8,14.8,21.1,20.0,12.5,9.9,35.0,641.0,25.64
GA,13313,"Whitfield County, Georgia",104.0,1021451272.0,1221798130.0,10541499.0,5.0,4783.0,9821646.846153846,11748058.942307692,45.99038461538461,0500000US13313,80065,,64262,30593,,33.1,15.0,20.2,24.3,20.8,16.4,37.9,4783.0,45.99038461538461
GA,13315,"Wilcox County, Georgia",3.0,303316.0,815323.0,0.0,0.0,0.0,101105.33333333331,271774.3333333333,0.0,0500000US13315,7306,,48036,21028,,38.8,13.7,19.2,28.4,24.8,19.0,42.6,0.0,0.0
GA,13317,"Wilkes County, Georgia",4.0,41485501.0,41514172.0,387657.0,0.0,0.0,10371375.25,10378543.0,0.0,0500000US13317,7733,,52542,30123,,38.4,11.7,19.2,27.6,23.0,17.4,40.6,0.0,0.0
GA,13319,"Wilkinson County, Georgia",8.0,2564268.0,2251056.0,303201.0,0.0,67.0,320533.5,281382.0,8.375,0500000US13319,7132,,46673,25742,,38.0,12.5,20.1,26.2,22.5,17.5,41.0,67.0,8.375
GA,13321,"Worth County, Georgia",7.0,26343934.0,22298897.0,200618.0,0.0,102.0,3763419.1428571423,3185556.714285714,14.571428571428571,0500000US13321,16410,,57201,28059,,38.0,13.1,21.7,26.5,21.8,16.5,38.9,102.0,14.571428571428571
SC,45001,"Abbeville County, South Carolina",0.0,0.0,0.0,0.0,0.0,0.0,0.0,0.0,0.0,0500000US45001,20166,,52112,30650,,36.7,13.6,23.2,24.1,20.6,14.4,37.6,0.0,0.0
SC,45003,"Aiken County, South Carolina",0.0,0.0,0.0,0.0,0.0,0.0,0.0,0.0,0.0,0500000US45003,138754,,67940,36627,,30.5,15.5,22.7,20.4,16.4,12.7,34.4,0.0,0.0
SC,45005,"Allendale County, South Carolina",0.0,0.0,0.0,0.0,0.0,0.0,0.0,0.0,0.0,0500000US45005,6479,,31603,23057,,41.6,12.0,19.6,31.4,34.6,24.5,46.7,0.0,0.0
SC,45007,"Anderson County, South Carolina",0.0,0.0,0.0,0.0,0.0,0.0,0.0,0.0,0.0,0500000US45007,165564,,64683,34923,,34.4,14.6,25.9,21.0,17.0,12.7,36.3,0.0,0.0
SC,45009,"Bamberg County, South Carolina",0.0,0.0,0.0,0.0,0.0,0.0,0.0,0.0,0.0,0500000US45009,11020,,43206,22182,,39.6,12.3,20.1,27.3,27.6,19.4,42.0,0.0,0.0
SC,45011,"Barnwell County, South Carolina",0.0,0.0,0.0,0.0,0.0,0.0,0.0,0.0,0.0,0500000US45011,16328,,41800,26141,,40.5,13.0,22.4,29.4,30.5,21.0,44.2,0.0,0.0
SC,45013,"Beaufort County, South Carolina",0.0,0.0,0.0,0.0,0.0,0.0,0.0,0.0,0.0,0500000US45013,162384,,84819,51657,,27.7,16.8,18.0,15.2,12.2,9.1,29.6,0.0,0.0
SC,45015,"Berkeley County, South Carolina",0.0,0.0,0.0,0.0,0.0,0.0,0.0,0.0,0.0,0500000US45015,188309,,82327,39727,,31.3,16.0,22.4,18.4,16.7,12.9,37.9,0.0,0.0
SC,45017,"Calhoun County, South Carolina",0.0,0.0,0.0,0.0,0.0,0.0,0.0,0.0,0.0,0500000US45017,11852,,56690,32567,,34.5,13.4,21.2,22.7,19.6,14.4,40.7,0.0,0.0
SC,45019,"Charleston County, South Carolina",0.0,0.0,0.0,0.0,0.0,0.0,0.0,0.0,0.0,0500000US45019,341983,,84320,54769,,25.7,21.4,21.3,15.4,12.5,10.3,30.0,0.0,0.0
SC,45021,"Cherokee County, South Carolina",0.0,0.0,0.0,0.0,0.0,0.0,0.0,0.0,0.0,0500000US45021,44741,,49047,27175,,36.4,15.8,24.1,24.0,21.5,15.4,38.8,0.0,0.0
SC,45023,"Chester County, South Carolina",0.0,0.0,0.0,0.0,0.0,0.0,0.0,0.0,0.0,0500000US45023,25979,,51216,27656,,36.4,14.0,23.0,25.5,24.2,17.3,37.9,0.0,0.0
SC,45025,"Chesterfield County, South Carolina",0.0,0.0,0.0,0.0,0.0,0.0,0.0,0.0,0.0,0500000US45025,34978,,47620,28363,,39.6,13.9,23.1,27.1,26.7,18.1,45.2,0.0,0.0
SC,45027,"Clarendon County, South Carolina",0.0,0.0,0.0,0.0,0.0,0.0,0.0,0.0,0.0,0500000US45027,26071,,48887,28289,,39.6,12.6,22.0,27.6,26.0,18.0,38.0,0.0,0.0
SC,45029,"Colleton County, South Carolina",0.0,0.0,0.0,0.0,0.0,0.0,0.0,0.0,0.0,0500000US45029,30861,,48779,27859,,35.8,13.2,22.6,25.9,24.7,17.6,39.3,0.0,0.0
SC,45031,"Darlington County, South Carolina",0.0,0.0,0.0,0.0,0.0,0.0,0.0,0.0,0.0,0500000US45031,50549,,47419,30281,,35.7,14.2,22.9,25.4,24.6,17.7,45.6,0.0,0.0
SC,45033,"Dillon County, South Carolina",0.0,0.0,0.0,0.0,0.0,0.0,0.0,0.0,0.0,0500000US45033,21726,,44038,23016,,41.9,13.0,22.8,31.6,33.8,23.3,45.3,0.0,0.0
SC,45035,"Dorchester County, South Carolina",0.0,0.0,0.0,0.0,0.0,0.0,0.0,0.0,0.0,0500000US45035,129632,,76896,37279,,28.0,16.7,21.7,18.4,15.6,12.9,35.4,0.0,0.0
SC,45037,"Edgefield County, South Carolina",0.0,0.0,0.0,0.0,0.0,0.0,0.0,0.0,0.0,0500000US45037,22492,,67092,32802,,33.9,15.4,20.6,23.6,21.9,16.0,39.9,0.0,0.0
SC,45039,"Fairfield County, South Carolina",0.0,0.0,0.0,0.0,0.0,0.0,0.0,0.0,0.0,0500000US45039,17467,,46972,32111,,37.7,12.2,20.6,27.4,26.9,19.2,45.7,0.0,0.0
SC,45041,"Florence County, South Carolina",0.0,0.0,0.0,0.0,0.0,0.0,0.0,0.0,0.0,0500000US45041,108325,,56650,31803,,35.0,14.1,22.7,23.1,21.7,16.8,40.6,0.0,0.0
SC,45043,"Georgetown County, South Carolina",0.0,0.0,0.0,0.0,0.0,0.0,0.0,0.0,0.0,0500000US45043,54327,,66734,43928,,32.1,13.1,19.8,19.9,14.4,11.0,31.8,0.0,0.0
SC,45045,"Greenville County, South Carolina",0.0,0.0,0.0,0.0,0.0,0.0,0.0,0.0,0.0,0500000US45045,427839,,74624,42299,,29.0,15.6,21.8,17.5,14.8,11.6,32.5,0.0,0.0
SC,45047,"Greenwood County, South Carolina",0.0,0.0,0.0,0.0,0.0,0.0,0.0,0.0,0.0,0500000US45047,55264,,50635,31018,,34.1,14.1,23.6,22.6,21.3,15.3,36.8,0.0,0.0
SC,45049,"Hampton County, South Carolina",0.0,0.0,0.0,0.0,0.0,0.0,0.0,0.0,0.0,0500000US45049,15109,,43059,25082,,38.4,13.5,21.1,29.1,30.2,21.6,41.6,0.0,0.0
SC,45051,"Horry County, South Carolina",0.0,0.0,0.0,0.0,0.0,0.0,0.0,0.0,0.0,0500000US45051,312808,,64623,36572,,32.2,14.7,21.5,20.8,14.8,10.8,32.3,0.0,0.0
SC,45053,"Jasper County, South Carolina",0.0,0.0,0.0,0.0,0.0,0.0,0.0,0.0,0.0,0500000US45053,25303,,63503,32505,,35.4,13.7,20.6,23.6,21.1,15.3,35.0,0.0,0.0
SC,45055,"Kershaw County, South Carolina",0.0,0.0,0.0,0.0,0.0,0.0,0.0,0.0,0.0,0500000US45055,53117,,64343,34250,,31.6,14.9,21.9,20.6,18.4,13.8,36.6,0.0,0.0
SC,45057,"Lancaster County, South Carolina",0.0,0.0,0.0,0.0,0.0,0.0,0.0,0.0,0.0,0500000US45057,81631,,74751,41492,,31.8,15.0,22.1,19.6,15.8,12.1,36.1,0.0,0.0
SC,45059,"Laurens County, South Carolina",0.0,0.0,0.0,0.0,0.0,0.0,0.0,0.0,0.0,0500000US45059,54414,,55517,28728,,38.0,14.0,23.4,25.3,21.2,15.3,36.3,0.0,0.0
SC,45061,"Lee County, South Carolina",0.0,0.0,0.0,0.0,0.0,0.0,0.0,0.0,0.0,0500000US45061,13576,,44145,24133,,39.3,12.6,21.1,29.6,31.6,22.7,43.7,0.0,0.0
SC,45063,"Lexington County, South Carolina",0.0,0.0,0.0,0.0,0.0,0.0,0.0,0.0,0.0,0500000US45063,238740,,75014,38807,,28.8,15.3,24.4,18.8,14.7,11.7,36.2,0.0,0.0
SC,45065,"McCormick County, South Carolina",0.0,0.0,0.0,0.0,0.0,0.0,0.0,0.0,0.0,0500000US45065,8819,,55344,33437,,38.3,11.4,18.8,24.9,18.6,13.0,36.9,0.0,0.0
SC,45067,"Marion County, South Carolina",0.0,0.0,0.0,0.0,0.0,0.0,0.0,0.0,0.0,0500000US45067,23223,,34501,22676,,41.3,11.8,21.6,31.7,33.4,23.2,45.3,0.0,0.0
SC,45069,"Marlboro County, South Carolina",0.0,0.0,0.0,0.0,0.0,0.0,0.0,0.0,0.0,0500000US45069,21688,,36293,22016,,42.7,13.0,21.8,32.0,33.5,23.4,41.0,0.0,0.0
SC,45071,"Newberry County, South Carolina",0.0,0.0,0.0,0.0,0.0,0.0,0.0,0.0,0.0,0500000US45071,30783,,59670,33073,,32.9,15.4,22.1,22.2,19.9,14.3,38.1,0.0,0.0
SC,45073,"Oconee County, South Carolina",0.0,0.0,0.0,0.0,0.0,0.0,0.0,0.0,0.0,0500000US45073,66246,,60193,37575,,33.8,16.0,25.0,22.5,16.1,11.1,38.2,0.0,0.0
SC,45075,"Orangeburg County, South Carolina",0.0,0.0,0.0,0.0,0.0,0.0,0.0,0.0,0.0,0500000US45075,67452,,43214,25682,,38.5,12.6,21.4,27.5,29.4,20.5,42.2,0.0,0.0
SC,45077,"Pickens County, South Carolina",0.0,0.0,0.0,0.0,0.0,0.0,0.0,0.0,0.0,0500000US45077,110523,,59411,33075,,32.3,17.1,25.4,20.1,17.0,11.9,35.4,0.0,0.0
SC,45079,"Richland County, South Carolina",0.0,0.0,0.0,0.0,0.0,0.0,0.0,0.0,0.0,0500000US45079,338962,,61699,37190,,29.9,16.3,22.3,19.2,18.1,15.7,34.7,0.0,0.0
SC,45081,"Saluda County, South Carolina",0.0,0.0,0.0,0.0,0.0,0.0,0.0,0.0,0.0,0500000US45081,15430,,52957,29590,,38.0,14.4,21.4,25.4,21.5,15.6,43.6,0.0,0.0
SC,45083,"Spartanburg County, South Carolina",0.0,0.0,0.0,0.0,0.0,0.0,0.0,0.0,0.0,0500000US45083,268586,,64195,33427,,33.9,15.8,24.1,20.9,18.3,14.2,37.9,0.0,0.0
SC,45085,"Sumter County, South Carolina",0.0,0.0,0.0,0.0,0.0,0.0,0.0,0.0,0.0,0500000US45085,82564,,55990,29372,,32.8,13.8,21.0,22.4,23.0,17.7,42.7,0.0,0.0
SC,45087,"Union County, South Carolina",0.0,0.0,0.0,0.0,0.0,0.0,0.0,0.0,0.0,0500000US45087,21920,,41200,26723,,41.5,13.8,23.4,29.0,26.3,18.3,44.0,0.0,0.0
SC,45089,"Williamsburg County, South Carolina",0.0,0.0,0.0,0.0,0.0,0.0,0.0,0.0,0.0,0500000US45089,25182,,43471,24533,,41.0,11.7,20.0,29.3,30.1,21.7,45.0,0.0,0.0
SC,45091,"York County, South Carolina",0.0,0.0,0.0,0.0,0.0,0.0,0.0,0.0,0.0,0500000US45091,227699,,83060,43442,,26.7,16.2,21.9,16.7,14.0,11.1,37.3,0.0,0.0
